DATE,YLD10
1/31/1881,5.41
10/31/1881,6.15
11/30/1881,6.07
12/31/1881,6.27
2/28/1881,5.51
3/31/1881,5.47
4/30/1881,5.57
5/31/1881,5.3
6/20/1881,5.26
7/31/1881,5.52
8/31/1881,5.78
9/30/1881,5.98
1/31/1882,6.38
10/31/1882,6.35
11/30/1882,6.58
12/31/1882,6.5
2/28/1882,6.6
3/31/1882,6.63
4/30/1882,6.7
5/31/1882,6.86
6/20/1882,6.98
7/31/1882,6.56
8/31/1882,6.44
9/30/1882,6.22
1/31/1883,6.55
10/31/1883,6.65
11/30/1883,6.49
12/31/1883,6.71
2/28/1883,6.78
3/31/1883,6.64
4/30/1883,6.46
5/31/1883,6.52
6/20/1883,6.29
7/31/1883,6.27
8/31/1883,6.58
9/30/1883,6.45
1/31/1884,6.93
10/31/1884,7.53
11/30/1884,7.52
12/31/1884,7.44
2/29/1884,6.75
3/31/1884,6.79
4/30/1884,6.97
5/31/1884,7.43
6/20/1884,7.75
7/31/1884,7.67
8/31/1884,7.22
9/30/1884,7.37
1/31/1885,7.62
10/31/1885,6.25
11/30/1885,5.94
12/31/1885,6.13
2/28/1885,7.47
3/31/1885,7.28
4/30/1885,7.38
5/31/1885,7.29
6/20/1885,7.15
7/31/1885,6.98
8/31/1885,6.61
9/30/1885,6.62
1/31/1886,5.99
10/31/1886,5.39
11/30/1886,5.27
12/31/1886,5.5
2/28/1886,5.88
3/31/1886,5.94
4/30/1886,5.95
5/31/1886,5.93
6/20/1886,5.61
7/31/1886,5.6
8/31/1886,5.64
9/30/1886,5.51
1/31/1887,5.71
10/31/1887,6.3
11/30/1887,6.27
12/31/1887,6.47
2/28/1887,5.84
3/31/1887,5.72
4/30/1887,5.61
5/31/1887,5.53
6/20/1887,5.65
7/31/1887,5.74
8/31/1887,5.97
9/30/1887,6
1/31/1888,6.51
10/31/1888,6.36
11/30/1888,6.57
12/31/1888,6.69
2/29/1888,6.49
3/31/1888,6.75
4/30/1888,6.66
5/31/1888,6.5
6/20/1888,6.63
7/31/1888,6.54
8/31/1888,6.41
9/30/1888,6.25
1/31/1889,6.33
10/31/1889,5.86
11/30/1889,5.92
12/31/1889,6.02
2/28/1889,6.18
3/31/1889,6.22
4/30/1889,6.23
5/31/1889,5.91
6/20/1889,5.81
7/31/1889,5.92
8/31/1889,5.84
9/30/1889,5.76
1/31/1890,5.81
10/31/1890,6.46
11/30/1890,6.78
12/31/1890,6.92
2/28/1890,5.87
3/31/1890,5.92
4/30/1890,5.79
5/31/1890,5.62
6/20/1890,5.65
7/31/1890,5.69
8/31/1890,6.03
9/30/1890,6.18
1/31/1891,6.48
10/31/1891,5.64
11/30/1891,5.66
12/31/1891,5.49
2/28/1891,6.46
3/31/1891,6.64
4/30/1891,6.49
5/31/1891,6.42
6/20/1891,6.39
7/31/1891,6.4
8/31/1891,6.19
9/30/1891,5.65
1/31/1892,5.26
10/31/1892,5.25
11/30/1892,5.42
12/31/1892,5.55
2/29/1892,5.25
3/31/1892,5.07
4/30/1892,5.01
5/31/1892,5.02
6/20/1892,5.06
7/31/1892,5.21
8/31/1892,5.21
9/30/1892,5.35
1/31/1893,5.66
10/31/1893,6.55
11/30/1893,6.27
12/31/1893,6.4
2/28/1893,5.84
3/31/1893,5.92
4/30/1893,5.85
5/31/1893,6.34
6/20/1893,6.49
7/31/1893,6.97
8/31/1893,6.85
9/30/1893,6.66
1/31/1894,6.35
10/31/1894,6.06
11/30/1894,6.04
12/31/1894,6
2/28/1894,6.17
3/31/1894,5.82
4/30/1894,5.74
5/31/1894,5.95
6/20/1894,6.02
7/31/1894,6.14
8/31/1894,6.08
9/30/1894,6.05
1/31/1895,6.05
10/31/1895,5.57
11/30/1895,5.77
12/31/1895,6.04
2/28/1895,6.12
3/31/1895,6.11
4/30/1895,6.1
5/31/1895,5.85
6/20/1895,5.81
7/31/1895,5.7
8/31/1895,5.53
9/30/1895,5.49
1/31/1896,6.03
10/31/1896,6.08
11/30/1896,5.85
12/31/1896,6.06
2/29/1896,5.71
3/31/1896,5.8
4/30/1896,5.67
5/31/1896,5.61
6/20/1896,5.63
7/31/1896,6.01
8/31/1896,6.37
9/30/1896,6.04
1/31/1897,5.87
10/31/1897,5.26
11/30/1897,5.45
12/31/1897,5.33
2/28/1897,5.92
3/31/1897,5.9
4/30/1897,5.99
5/31/1897,5.87
6/20/1897,5.6
7/31/1897,5.36
8/31/1897,5.26
9/30/1897,5.16
1/31/1898,5.2
10/31/1898,5.01
11/30/1898,4.87
12/31/1898,4.67
2/28/1898,5.29
3/31/1898,5.54
4/30/1898,5.65
5/31/1898,5.68
6/20/1898,5.12
7/31/1898,5.04
8/31/1898,4.87
9/30/1898,4.89
1/31/1899,4.36
10/31/1899,4.96
11/30/1899,4.95
2/28/1899,4.34
3/31/1899,4.3
4/30/1899,4.32
5/31/1899,4.53
6/20/1899,4.71
7/31/1899,4.64
8/31/1899,4.6
9/30/1899,4.86
12/31/1899,5.4
1/31/1900,5.36
2/28/1900,5.35
3/31/1900,5.33
4/30/1900,5.28
5/31/1900,5.43
6/30/1900,5.56
7/31/1900,5.65
8/31/1900,5.53
9/30/1900,5.77
10/31/1900,5.52
11/30/1900,5.15
12/31/1900,4.82
1/31/1901,4.77
2/28/1901,4.61
3/31/1901,4.47
4/30/1901,4.1
5/31/1901,4.34
6/30/1901,3.96
7/31/1901,4.32
8/31/1901,4.33
9/30/1901,4.43
10/31/1901,4.49
11/30/1901,4.47
12/31/1901,4.61
1/31/1902,4.48
2/28/1902,4.45
3/31/1902,4.46
4/30/1902,4.38
5/31/1902,4.46
6/30/1902,4.55
7/31/1902,4.47
8/31/1902,4.32
9/30/1902,4.38
10/31/1902,4.85
11/30/1902,4.9
12/31/1902,5.09
1/31/1903,4.92
2/28/1903,4.97
3/31/1903,5.03
4/30/1903,5.27
5/31/1903,5.28
6/30/1903,5.61
7/31/1903,5.91
8/31/1903,6.14
9/30/1903,6.39
10/31/1903,6.56
11/30/1903,6.49
12/31/1903,6.23
1/31/1904,6.3
2/29/1904,6.66
3/31/1904,6.63
4/30/1904,6.42
5/31/1904,6.44
6/30/1904,6.46
7/31/1904,6.24
8/31/1904,6.13
9/30/1904,5.97
10/31/1904,5.67
11/30/1904,5.53
12/31/1904,5.51
1/31/1905,5.42
2/28/1905,5.22
3/31/1905,5.04
4/30/1905,5.13
5/31/1905,5.37
6/30/1905,5.34
7/31/1905,5.21
8/31/1905,5.11
9/30/1905,5.06
10/31/1905,5.03
11/30/1905,5.14
12/31/1905,5.11
1/31/1906,4.97
2/28/1906,5.03
3/31/1906,5.19
4/30/1906,5.3
5/31/1906,5.54
6/30/1906,5.5
7/31/1906,5.5
8/31/1906,5.27
9/30/1906,5.21
10/31/1906,5.53
11/30/1906,5.51
12/31/1906,5.66
1/31/1907,5.81
2/28/1907,6.17
3/31/1907,6.81
4/30/1907,6.82
5/31/1907,7.25
6/30/1907,7.61
7/31/1907,7.36
8/31/1907,7.99
9/30/1907,8.11
10/31/1907,9.23
11/30/1907,9.44
12/31/1907,8.82
1/31/1908,8.4
2/29/1908,8.65
3/31/1908,8.34
4/30/1908,8.03
5/31/1908,7.65
6/30/1908,7.66
7/31/1908,7.49
8/31/1908,7.2
9/30/1908,7.3
10/31/1908,7.3
11/30/1908,6.93
12/31/1908,6.86
1/31/1909,6.77
2/28/1909,7.06
3/31/1909,6.98
4/30/1909,6.83
5/31/1909,6.69
6/30/1909,6.65
7/31/1909,6.57
8/31/1909,6.49
9/30/1909,6.56
10/31/1909,6.67
11/30/1909,6.78
12/31/1909,6.78
1/31/1910,6.87
2/28/1910,7.14
3/31/1910,7.12
4/30/1910,7.37
5/31/1910,7.37
6/30/1910,7.68
7/31/1910,8.1
8/31/1910,7.85
9/30/1910,7.73
10/31/1910,7.18
11/30/1910,7.06
12/31/1910,7.28
1/31/1911,7.12
2/28/1911,6.79
3/31/1911,6.96
4/30/1911,6.78
5/31/1911,6.65
6/30/1911,6.52
7/31/1911,6.63
8/31/1911,7.19
9/30/1911,7.69
10/31/1911,7.65
11/30/1911,7.28
12/31/1911,7.18
1/31/1912,7.25
2/29/1912,7.39
3/31/1912,7.33
4/30/1912,7.32
5/31/1912,7.33
6/30/1912,7.25
7/31/1912,7.24
8/31/1912,7.15
9/30/1912,7.18
10/31/1912,7.19
11/30/1912,7.27
12/31/1912,7.47
1/31/1913,7.61
2/28/1913,7.88
3/31/1913,8.04
4/30/1913,8.04
5/31/1913,8.18
6/30/1913,8.7
7/31/1913,8.67
8/31/1913,8.44
9/30/1913,8.44
10/31/1913,8.72
11/30/1913,9.03
12/31/1913,8.95
1/31/1914,8.59
2/28/1914,8.4
3/31/1914,8.56
4/30/1914,8.68
5/31/1914,8.71
6/30/1914,8.75
7/31/1914,9.35
8/31/1914,9.53
9/30/1914,9.52
10/31/1914,9.42
11/30/1914,9.51
12/31/1914,9.83
1/31/1915,9.65
2/28/1915,9.68
3/31/1915,9.34
4/30/1915,8.77
5/31/1915,9.07
6/30/1915,8.97
7/31/1915,9
8/31/1915,8.63
9/30/1915,8.33
10/31/1915,7.97
11/30/1915,7.78
12/31/1915,7.76
1/31/1916,7.97
2/29/1916,8.09
3/31/1916,8.21
4/30/1916,8.4
5/31/1916,8.32
6/30/1916,8.34
7/31/1916,8.48
8/31/1916,8.52
9/30/1916,8.37
10/31/1916,8.3
11/30/1916,8.3
12/31/1916,8.76
1/31/1917,9.1
2/28/1917,9.94
3/31/1917,9.68
4/30/1917,10.37
5/31/1917,10.94
6/30/1917,10.93
7/31/1917,11.11
8/31/1917,11.66
9/30/1917,12.58
10/31/1917,13.54
11/30/1917,14.81
12/31/1917,15.59
1/31/1918,15.06
2/28/1918,14.74
3/31/1918,14.96
4/30/1918,15.34
5/31/1918,15.19
6/30/1918,15.39
7/31/1918,15.7
8/31/1918,15.87
9/30/1918,16.26
10/31/1918,15.9
11/30/1918,15.79
12/31/1918,16.3
1/31/1919,16.4
2/28/1919,16.03
3/31/1919,15.73
4/30/1919,15.49
5/31/1919,14.64
6/30/1919,14.24
7/31/1919,14.18
8/31/1919,15.43
9/30/1919,15.25
10/31/1919,14.72
11/30/1919,15.46
12/31/1919,16.23
1/31/1920,16.7
2/29/1920,18.33
3/31/1920,17.24
4/30/1920,17.86
5/31/1920,19.27
6/30/1920,19.83
7/31/1920,19.68
8/31/1920,19.92
9/30/1920,18.88
10/31/1920,18.69
11/30/1920,19.51
12/31/1920,20.9
1/31/1921,19.52
2/28/1921,18.96
3/31/1921,19.26
4/30/1921,18.88
5/31/1921,17.83
6/30/1921,19.17
7/31/1921,19.24
8/31/1921,19.38
9/30/1921,18.6
10/31/1921,18.25
11/30/1921,17.13
12/31/1921,16.36
1/31/1922,15.91
2/28/1922,15.48
3/31/1922,14.66
4/30/1922,13.75
5/31/1922,13.17
6/30/1922,13.23
7/31/1922,13.15
8/31/1922,12.47
9/30/1922,12.1
10/31/1922,11.86
11/30/1922,12.5
12/31/1922,12.56
1/31/1923,12.26
2/28/1923,11.72
3/31/1923,11.49
4/30/1923,11.94
5/31/1923,12.5
6/30/1923,13.03
7/31/1923,13.61
8/31/1923,13.44
9/30/1923,13.41
10/31/1923,13.67
11/30/1923,13.25
12/31/1923,12.8
1/31/1924,12.39
2/29/1924,12.25
3/31/1924,12.41
4/30/1924,12.62
5/31/1924,12.66
6/30/1924,12.42
7/31/1924,11.94
8/31/1924,11.47
9/30/1924,11.65
10/31/1924,11.88
11/30/1924,11.25
12/31/1924,10.74
1/31/1925,10.32
2/28/1925,10.17
3/31/1925,10.51
4/30/1925,10.55
5/31/1925,10.28
6/30/1925,10.21
7/31/1925,10.04
8/31/1925,9.89
9/30/1925,9.65
10/31/1925,9.33
11/30/1925,9.19
12/31/1925,8.97
1/31/1926,8.82
2/28/1926,8.78
3/31/1926,9.34
4/30/1926,9.62
5/31/1926,9.46
6/30/1926,8.93
7/31/1926,8.42
8/31/1926,8.01
9/30/1926,7.88
10/31/1926,8.05
11/30/1926,7.93
12/31/1926,7.69
1/31/1927,7.58
2/28/1927,7.33
3/31/1927,7.13
4/30/1927,6.9
5/31/1927,6.67
6/30/1927,6.61
7/31/1927,6.32
8/31/1927,5.93
9/30/1927,5.61
10/31/1927,5.7
11/30/1927,5.52
12/31/1927,5.36
1/31/1928,5.32
2/29/1928,5.3
3/31/1928,5.01
4/30/1928,4.7
5/31/1928,4.58
6/30/1928,4.78
7/31/1928,4.74
8/31/1928,4.6
9/30/1928,4.35
10/31/1928,4.24
11/30/1928,3.98
12/31/1928,3.95
1/31/1929,3.69
2/28/1929,3.69
3/31/1929,3.61
4/30/1929,3.63
5/31/1929,3.61
6/30/1929,3.58
7/31/1929,3.34
8/31/1929,3.18
9/30/1929,3.07
10/31/1929,3.45
11/30/1929,4.72
12/31/1929,4.54
1/31/1930,4.48
2/28/1930,4.22
3/31/1930,4.07
4/30/1930,3.87
5/31/1930,4.11
6/30/1930,4.57
7/31/1930,4.64
8/31/1930,4.69
9/30/1930,4.75
10/31/1930,5.49
11/30/1930,5.9
12/31/1930,6.23
1/31/1931,5.99
2/28/1931,5.51
3/31/1931,5.38
4/30/1931,5.93
5/31/1931,6.49
6/30/1931,6.64
7/31/1931,6.44
8/31/1931,6.66
9/30/1931,7.8
10/31/1931,8.97
11/30/1931,8.76
12/31/1931,10.75
1/31/1932,10.74
2/29/1932,10.71
3/31/1932,10.62
4/30/1932,13.9
5/31/1932,15.65
6/30/1932,17.97
7/31/1932,17.13
8/31/1932,11.32
9/30/1932,10.24
10/31/1932,11.79
11/30/1932,11.82
12/31/1932,12.11
1/31/1933,11.46
2/28/1933,12.78
3/31/1933,12.7
4/30/1933,11.46
5/31/1933,8.89
6/30/1933,7.63
7/31/1933,7.27
8/31/1933,7.69
9/30/1933,7.74
10/31/1933,8.55
11/30/1933,8.33
12/31/1933,8.14
1/31/1934,7.68
2/28/1934,7.18
3/31/1934,7.54
4/30/1934,7.4
5/31/1934,8.21
6/30/1934,8.14
7/31/1934,8.52
8/31/1934,8.84
9/30/1934,9.17
10/31/1934,9
11/30/1934,8.73
12/31/1934,8.59
1/31/1935,8.7
2/28/1935,9.02
3/31/1935,9.62
4/30/1935,9.01
5/31/1935,8.34
6/30/1935,7.97
7/31/1935,7.57
8/31/1935,7.09
9/30/1935,6.94
10/31/1935,6.74
11/30/1935,6.2
12/31/1935,6.19
1/31/1936,5.85
2/29/1936,5.52
3/31/1936,5.36
4/30/1936,5.34
5/31/1936,5.63
6/30/1936,5.44
7/31/1936,5.17
8/31/1936,5.1
9/30/1936,5.03
10/31/1936,4.78
11/30/1936,4.65
12/31/1936,4.73
1/31/1937,4.63
2/28/1937,4.5
3/31/1937,4.54
4/30/1937,4.86
5/31/1937,5.14
6/30/1937,5.34
7/31/1937,5.09
8/31/1937,5.05
9/30/1937,5.94
10/31/1937,6.96
11/30/1937,7.6
12/31/1937,7.69
1/31/1938,7.4
2/28/1938,7.54
3/31/1938,8.08
4/30/1938,8.48
5/31/1938,8.34
6/30/1938,8.14
7/31/1938,6.77
8/31/1938,6.71
9/30/1938,7
10/31/1938,6.23
11/30/1938,6.19
12/31/1938,6.35
1/31/1939,6.41
2/28/1939,6.38
3/31/1939,6.36
4/30/1939,7.19
5/31/1939,6.9
6/30/1939,6.74
7/31/1939,6.55
8/31/1939,6.61
9/30/1939,6.08
10/31/1939,5.94
11/30/1939,6.02
12/31/1939,6.14
1/31/1940,6.11
2/29/1940,6.17
3/31/1940,6.18
4/30/1940,6.11
5/31/1940,7.07
6/30/1940,7.79
7/31/1940,7.48
8/31/1940,7.33
9/30/1940,7.03
10/31/1940,6.98
11/30/1940,6.83
12/31/1940,7.19
1/31/1941,7.19
2/28/1941,7.69
3/31/1941,7.72
4/30/1941,8.05
5/31/1941,8.31
6/30/1941,8.22
7/31/1941,7.85
8/31/1941,8.02
9/30/1941,8.14
10/31/1941,8.64
11/30/1941,9.16
12/31/1941,9.91
1/31/1942,9.9
2/28/1942,10.33
3/31/1942,11.11
4/30/1942,11.7
5/31/1942,11.76
6/30/1942,11.23
7/31/1942,10.93
8/31/1942,11.1
9/30/1942,11.02
10/31/1942,10.42
11/30/1942,10.35
12/31/1942,10.4
1/31/1943,9.85
2/28/1943,9.34
3/31/1943,9.22
4/30/1943,9.06
5/31/1943,8.8
6/30/1943,8.68
7/31/1943,8.49
8/31/1943,8.92
9/30/1943,8.82
10/31/1943,8.94
11/30/1943,9.41
12/31/1943,9.31
1/31/1944,9.05
2/29/1944,9.13
3/31/1944,8.91
4/30/1944,9.14
5/31/1944,9.01
6/30/1944,8.67
7/31/1944,8.52
8/31/1944,8.66
9/30/1944,8.83
10/31/1944,8.63
11/30/1944,8.71
12/31/1944,8.59
1/31/1945,8.36
2/28/1945,8.1
3/31/1945,8.11
4/30/1945,7.92
5/31/1945,7.67
6/30/1945,7.62
7/31/1945,7.77
8/31/1945,7.74
9/30/1945,7.25
10/31/1945,6.96
11/30/1945,6.74
12/31/1945,6.66
1/31/1946,6.4
2/28/1946,6.34
3/31/1946,6.61
4/30/1946,6.23
5/31/1946,6.24
6/30/1946,6.34
7/31/1946,6.89
8/31/1946,7.15
9/30/1946,8.44
10/31/1946,8.78
11/30/1946,9
12/31/1946,8.79
1/31/1947,8.72
2/28/1947,8.37
3/31/1947,8.86
4/30/1947,9.17
5/31/1947,9.32
6/30/1947,9.02
7/31/1947,8.55
8/31/1947,8.82
9/30/1947,9.24
10/31/1947,8.98
11/30/1947,9.11
12/31/1947,9.36
1/31/1948,9.6
2/29/1948,10
3/31/1948,9.82
4/30/1948,9.28
5/31/1948,8.9
6/30/1948,8.63
7/31/1948,8.98
8/31/1948,9.33
9/30/1948,9.48
10/31/1948,9.24
11/30/1948,9.76
12/31/1948,9.84
1/31/1949,9.76
2/28/1949,10.13
3/31/1949,10.1
4/30/1949,10.22
5/31/1949,10.32
6/30/1949,11.03
7/31/1949,10.41
8/31/1949,10.15
9/30/1949,10.12
10/31/1949,9.83
11/30/1949,9.79
12/31/1949,9.5
1/31/1950,9.31
2/28/1950,9.16
3/31/1950,9.17
4/30/1950,8.95
5/31/1950,8.72
6/30/1950,8.65
7/31/1950,9.49
8/31/1950,9.06
9/30/1950,8.82
10/31/1950,8.57
11/30/1950,8.66
12/31/1950,8.84
1/31/1951,8.41
2/28/1951,8.24
3/31/1951,8.44
4/30/1951,8.37
5/31/1951,8.43
6/30/1951,8.61
7/31/1951,8.49
8/31/1951,8.16
9/30/1951,8.04
10/31/1951,8.12
11/30/1951,8.44
12/31/1951,8.23
1/31/1952,7.98
2/29/1952,8.09
3/31/1952,8.09
4/30/1952,8.17
5/31/1952,8.2
6/30/1952,8.03
7/31/1952,7.89
8/31/1952,7.89
9/30/1952,8.04
10/31/1952,8.24
11/30/1952,8.02
12/31/1952,7.73
1/31/1953,7.69
2/28/1953,7.78
3/31/1953,7.79
4/30/1953,8.22
5/31/1953,8.24
6/30/1953,8.6
7/31/1953,8.51
8/31/1953,8.54
9/30/1953,8.98
10/31/1953,8.78
11/30/1953,8.59
12/31/1953,8.51
1/31/1954,8.33
2/28/1954,8.19
3/31/1954,8.05
4/30/1954,7.75
5/31/1954,7.51
6/30/1954,7.49
7/31/1954,7.23
8/31/1954,7.12
9/30/1954,6.97
10/31/1954,6.84
11/30/1954,6.61
12/31/1954,6.33
1/31/1955,6.25
2/28/1955,6.08
3/31/1955,6.17
4/30/1955,5.99
5/31/1955,6.05
6/30/1955,5.76
7/31/1955,5.42
8/31/1955,5.49
9/30/1955,5.31
10/31/1955,5.63
11/30/1955,5.31
12/31/1955,5.28
1/31/1956,5.47
2/29/1956,5.47
3/31/1956,5.16
4/30/1956,5.16
5/31/1956,5.39
6/30/1956,5.51
7/31/1956,5.3
8/31/1956,5.36
9/30/1956,5.61
10/31/1956,5.74
11/30/1956,5.84
12/31/1956,5.81
1/31/1957,5.98
2/28/1957,6.31
3/31/1957,6.29
4/30/1957,6.2
5/31/1957,6.02
6/30/1957,5.98
7/31/1957,5.93
8/31/1957,6.3
9/30/1957,6.6
10/31/1957,7.07
11/30/1957,7.28
12/31/1957,7.31
1/31/1958,7.25
2/28/1958,7.25
3/31/1958,7.18
4/30/1958,7.19
5/31/1958,6.98
6/30/1958,6.83
7/31/1958,6.69
8/31/1958,6.43
9/30/1958,6.28
10/31/1958,6.04
11/30/1958,5.89
12/31/1958,5.76
1/31/1959,5.56
2/28/1959,5.63
3/31/1959,5.49
4/30/1959,5.43
5/31/1959,5.35
6/30/1959,5.42
7/31/1959,5.24
8/31/1959,5.27
9/30/1959,5.52
10/31/1959,5.55
11/30/1959,5.53
12/31/1959,5.37
1/31/1960,5.45
2/29/1960,5.7
3/31/1960,5.78
4/30/1960,5.74
5/31/1960,5.8
6/30/1960,5.61
7/31/1960,5.75
8/31/1960,5.69
9/30/1960,5.86
10/31/1960,6.02
11/30/1960,5.83
12/31/1960,5.69
1/31/1961,5.41
2/28/1961,5.2
3/31/1961,5.04
4/30/1961,4.91
5/31/1961,4.85
6/30/1961,4.92
7/31/1961,4.96
8/31/1961,4.78
9/30/1961,4.83
10/31/1961,4.78
11/30/1961,4.58
12/31/1961,4.54
1/31/1962,4.72
2/28/1962,4.66
3/31/1962,4.66
4/30/1962,4.84
5/31/1962,5.24
6/30/1962,5.94
7/31/1962,5.83
8/31/1962,5.69
9/30/1962,5.77
10/31/1962,5.97
11/30/1962,5.6
12/31/1962,5.38
1/31/1963,5.19
2/28/1963,5.14
3/31/1963,5.18
4/30/1963,4.96
5/31/1963,4.88
6/30/1963,4.91
7/31/1963,5.01
8/31/1963,4.88
9/30/1963,4.77
10/31/1963,4.79
11/30/1963,4.83
12/31/1963,4.75
1/31/1964,4.62
2/29/1964,4.58
3/31/1964,4.51
4/30/1964,4.46
5/31/1964,4.43
6/30/1964,4.48
7/31/1964,4.35
8/31/1964,4.41
9/30/1964,4.37
10/31/1964,4.31
11/30/1964,4.31
12/31/1964,4.4
1/31/1965,4.3
2/28/1965,4.28
3/31/1965,4.3
4/30/1965,4.27
5/31/1965,4.22
6/30/1965,4.47
7/31/1965,4.48
8/31/1965,4.41
9/30/1965,4.28
10/31/1965,4.21
11/30/1965,4.18
12/31/1965,4.22
1/31/1966,4.16
2/28/1966,4.22
3/31/1966,4.42
4/30/1966,4.33
5/31/1966,4.58
6/30/1966,4.64
7/31/1966,4.68
8/31/1966,5.02
9/30/1966,5.22
10/31/1966,5.31
11/30/1966,5.07
12/31/1966,5.07
1/31/1967,4.89
2/28/1967,4.75
3/31/1967,4.66
4/30/1967,4.61
5/31/1967,4.56
6/30/1967,4.64
7/31/1967,4.59
8/31/1967,4.54
9/30/1967,4.5
10/31/1967,4.53
11/30/1967,4.7
12/31/1967,4.6
1/31/1968,4.65
2/29/1968,4.9
3/31/1968,5.02
4/30/1968,4.7
5/31/1968,4.62
6/30/1968,4.54
7/31/1968,4.6
8/31/1968,4.73
9/30/1968,4.61
10/31/1968,4.54
11/30/1968,4.51
12/31/1968,4.49
1/31/1969,4.72
2/28/1969,4.79
3/31/1969,4.95
4/30/1969,4.9
5/31/1969,4.77
6/30/1969,5.07
7/31/1969,5.35
8/31/1969,5.43
9/30/1969,5.44
10/31/1969,5.42
11/30/1969,5.42
12/31/1969,5.77
1/31/1970,5.85
2/28/1970,6.11
3/31/1970,6.05
4/30/1970,6.3
5/31/1970,7.15
6/30/1970,7.25
7/31/1970,7.29
8/31/1970,7.09
9/30/1970,6.74
10/31/1970,6.64
11/30/1970,6.69
12/31/1970,6.3
1/31/1971,6.07
2/28/1971,5.87
3/31/1971,5.75
4/30/1971,5.58
5/31/1971,5.69
6/30/1971,5.85
7/31/1971,5.92
8/31/1971,6.05
9/30/1971,5.93
10/31/1971,6.09
11/30/1971,6.39
12/31/1971,6.02
1/31/1972,5.79
2/29/1972,5.73
3/31/1972,5.62
4/30/1972,5.58
5/31/1972,5.66
6/30/1972,5.67
7/31/1972,5.75
8/31/1972,5.57
9/30/1972,5.68
10/31/1972,5.7
11/30/1972,5.45
12/31/1972,5.36
1/31/1973,5.34
2/28/1973,5.59
3/31/1973,5.74
4/30/1973,5.9
5/31/1973,6.13
6/30/1973,6.33
7/31/1973,6.29
8/31/1973,6.55
9/30/1973,6.46
10/31/1973,6.28
11/30/1973,6.83
12/31/1973,7.41
1/31/1974,7.39
2/28/1974,7.72
3/31/1974,7.51
4/30/1974,7.97
5/31/1974,8.34
6/30/1974,8.41
7/31/1974,9.62
8/31/1974,10.18
9/30/1974,11.52
10/31/1974,11.44
11/30/1974,11.17
12/31/1974,12.06
1/31/1975,11.21
2/28/1975,10.24
3/31/1975,9.84
4/30/1975,9.77
5/31/1975,9.24
6/30/1975,9.08
7/31/1975,9.17
8/31/1975,9.91
9/30/1975,10.08
10/31/1975,9.68
11/30/1975,9.58
12/31/1975,9.76
1/31/1976,8.94
2/29/1976,8.63
3/31/1976,8.6
4/30/1976,8.55
5/31/1976,8.67
6/30/1976,8.66
7/31/1976,8.51
8/31/1976,8.62
9/30/1976,8.47
10/31/1976,8.81
11/30/1976,8.89
12/31/1976,8.62
1/31/1977,8.74
2/28/1977,9.08
3/31/1977,9.18
4/30/1977,9.4
5/31/1977,9.48
6/30/1977,9.5
7/31/1977,9.46
8/31/1977,9.74
9/30/1977,9.93
10/31/1977,10.24
11/30/1977,10.24
12/31/1977,10.33
1/31/1978,10.82
2/28/1978,11.06
3/31/1978,11.17
4/30/1978,10.8
5/31/1978,10.38
6/30/1978,10.47
7/31/1978,10.61
8/31/1978,9.98
9/30/1978,10.06
10/31/1978,10.49
11/30/1978,11.2
12/31/1978,11.1
1/31/1979,10.8
2/28/1979,11.11
3/31/1979,11.02
4/30/1979,10.95
5/31/1979,11.37
6/30/1979,11.29
7/31/1979,11.33
8/31/1979,10.96
9/30/1979,10.97
10/31/1979,11.52
11/30/1979,11.74
12/31/1979,11.43
1/31/1980,11.3
2/29/1980,11.04
3/31/1980,12.37
4/30/1980,12.75
5/31/1980,12.34
6/30/1980,11.75
7/31/1980,11.26
8/31/1980,11.02
9/30/1980,10.87
10/31/1980,10.69
11/30/1980,10.36
12/31/1980,10.65
1/31/1981,10.8
2/28/1981,11.33
3/31/1981,11.01
4/30/1981,11.01
5/31/1981,11.34
6/30/1981,11.41
7/31/1981,11.84
8/31/1981,11.9
9/30/1981,13.19
10/31/1981,13.07
11/30/1981,12.8
12/31/1981,12.77
1/31/1982,13.53
2/28/1982,13.92
3/31/1982,14.39
4/30/1982,13.78
5/31/1982,13.9
6/30/1982,14.94
7/31/1982,15.06
8/31/1982,15.05
9/30/1982,13.52
10/31/1982,12.5
11/30/1982,11.98
12/31/1982,11.81
1/31/1983,11.42
2/28/1983,11.22
3/31/1983,10.83
4/30/1983,10.49
5/31/1983,10.13
6/30/1983,10
7/31/1983,9.99
8/31/1983,10.28
9/30/1983,10.02
10/31/1983,10
11/30/1983,10.15
12/31/1983,10.19
1/31/1984,10.11
2/29/1984,10.72
3/31/1984,10.72
4/30/1984,10.75
5/31/1984,10.83
6/30/1984,11.1
7/31/1984,11.28
8/31/1984,10.39
9/30/1984,10.32
10/31/1984,10.42
11/30/1984,10.32
12/31/1984,10.42
1/31/1985,10
2/28/1985,9.53
3/31/1985,9.64
4/30/1985,9.62
5/31/1985,9.43
6/30/1985,9.25
7/31/1985,9.09
8/31/1985,9.31
9/30/1985,9.55
10/31/1985,9.48
11/30/1985,8.96
12/31/1985,8.55
1/31/1986,8.54
2/28/1986,8.07
3/31/1986,7.58
4/30/1986,7.38
5/31/1986,7.37
6/30/1986,7.2
7/31/1986,7.34
8/31/1986,7.2
9/30/1986,7.43
10/31/1986,7.45
11/30/1986,7.21
12/31/1986,7.1
1/31/1987,6.7
2/28/1987,6.32
3/31/1987,6.09
4/30/1987,6.17
5/31/1987,6.19
6/30/1987,5.94
7/31/1987,5.78
8/31/1987,5.46
9/30/1987,5.66
10/31/1987,6.44
11/30/1987,7.36
12/31/1987,7.47
1/31/1988,7.2
2/29/1988,6.99
3/31/1988,6.82
4/30/1988,6.93
5/31/1988,7.13
6/30/1988,6.77
7/31/1988,6.85
8/31/1988,7.02
9/30/1988,6.96
10/31/1988,6.75
11/30/1988,6.92
12/31/1988,6.8
1/31/1989,6.63
2/28/1989,6.47
3/31/1989,6.54
4/30/1989,6.37
5/31/1989,6.18
6/30/1989,6.01
7/31/1989,5.88
8/31/1989,5.64
9/30/1989,5.65
10/31/1989,5.67
11/30/1989,5.8
12/31/1989,5.67
1/31/1990,5.87
2/28/1990,6.06
3/31/1990,5.94
4/30/1990,5.95
5/31/1990,5.75
6/30/1990,5.61
7/31/1990,5.63
8/31/1990,6.18
9/30/1990,6.54
10/31/1990,6.75
11/30/1990,6.58
12/31/1990,6.31
1/31/1991,6.41
2/28/1991,5.76
3/31/1991,5.61
4/30/1991,5.51
5/31/1991,5.54
6/30/1991,5.55
7/31/1991,5.52
8/31/1991,5.4
9/30/1991,5.45
10/31/1991,5.45
11/30/1991,5.47
12/31/1991,5.42
1/31/1992,5.06
2/29/1992,5.11
3/31/1992,5.19
4/30/1992,5.18
5/31/1992,5.09
6/30/1992,5.18
7/31/1992,5.1
8/31/1992,5.07
9/30/1992,5.07
10/31/1992,5.16
11/30/1992,5.04
12/31/1992,4.89
1/31/1993,4.92
2/28/1993,4.87
3/31/1993,4.8
4/30/1993,4.89
5/31/1993,4.87
6/30/1993,4.85
7/31/1993,4.86
8/31/1993,4.8
9/30/1993,4.76
10/31/1993,4.74
11/30/1993,4.75
12/31/1993,4.72
1/31/1994,4.67
2/28/1994,4.7
3/31/1994,4.8
4/30/1994,4.99
5/31/1994,4.95
6/30/1994,4.93
7/31/1994,4.98
8/31/1994,4.87
9/30/1994,4.86
10/31/1994,4.9
11/30/1994,4.95
12/31/1994,5.02
1/31/1995,4.95
2/28/1995,4.81
3/31/1995,4.73
4/30/1995,4.62
5/31/1995,4.51
6/30/1995,4.4
7/31/1995,4.28
8/31/1995,4.29
9/30/1995,4.18
10/31/1995,4.18
11/30/1995,4.11
12/31/1995,4
1/31/1996,4.04
2/29/1996,3.85
3/31/1996,3.9
4/30/1996,3.93
5/31/1996,3.87
6/30/1996,3.85
7/31/1996,4.02
8/31/1996,3.94
9/30/1996,3.89
10/31/1996,3.78
11/30/1996,3.63
12/31/1996,3.61
1/31/1997,3.53
2/28/1997,3.42
3/31/1997,3.47
4/30/1997,3.63
5/31/1997,3.34
6/30/1997,3.2
7/31/1997,3.05
8/31/1997,3.07
9/30/1997,3.06
10/31/1997,3.04
11/30/1997,3.09
12/31/1997,3.03
1/31/1998,3.04
2/28/1998,2.88
3/31/1998,2.76
4/30/1998,2.68
5/31/1998,2.71
6/30/1998,2.72
7/31/1998,2.61
8/31/1998,2.82
9/30/1998,2.98
10/31/1998,2.96
11/30/1998,2.68
12/31/1998,2.58
1/31/1999,2.46
2/28/1999,2.48
3/31/1999,2.42
4/30/1999,2.34
5/31/1999,2.35
6/30/1999,2.37
7/31/1999,2.28
8/31/1999,2.38
9/30/1999,2.42
10/31/1999,2.47
11/30/1999,2.31
12/31/1999,2.26
1/31/2000,2.28
2/29/2000,2.37
3/31/2000,2.31
4/30/2000,2.3
5/31/2000,2.38
6/30/2000,2.34
7/31/2000,2.34
8/31/2000,2.33
9/30/2000,2.39
10/31/2000,2.54
11/30/2000,2.58
12/31/2000,2.68
1/31/2001,2.7
2/28/2001,2.79
3/31/2001,3.09
4/30/2001,3.11
5/31/2001,2.93
6/30/2001,3.02
7/31/2001,3.11
8/31/2001,3.18
9/30/2001,3.61
10/31/2001,3.5
11/30/2001,3.33
12/31/2001,3.28
1/31/2002,3.3
2/28/2002,3.44
3/31/2002,3.3
4/30/2002,3.45
5/31/2002,3.56
6/30/2002,3.79
7/31/2002,4.26
8/31/2002,4.24
9/30/2002,4.47
10/31/2002,4.55
11/30/2002,4.28
12/31/2002,4.33
1/31/2003,4.37
2/28/2003,4.71
3/31/2003,4.69
4/30/2003,4.46
5/31/2003,4.24
6/30/2003,4.03
7/31/2003,4.02
8/31/2003,4.06
9/30/2003,3.96
10/31/2003,3.89
11/30/2003,3.85
12/31/2003,3.75
1/31/2004,3.62
2/29/2004,3.62
3/31/2004,3.72
4/30/2004,3.72
5/31/2004,3.86
6/30/2004,3.79
7/31/2004,3.89
8/31/2004,3.97
9/30/2004,3.9
10/31/2004,3.94
11/30/2004,3.78
12/31/2004,3.68
1/31/2005,3.76
2/28/2005,3.74
3/31/2005,3.8
4/30/2005,3.94
5/31/2005,3.9
6/30/2005,3.84
7/31/2005,3.8
8/31/2005,3.83
9/30/2005,3.89
10/31/2005,4.02
11/30/2005,3.86
12/31/2005,3.78
1/31/2006,3.78
2/28/2006,3.81
3/31/2006,3.8
4/30/2006,3.82
5/31/2006,3.9
6/30/2006,4.04
7/31/2006,4.05
8/31/2006,3.99
9/30/2006,3.9
10/31/2006,3.77
11/30/2006,3.71
12/31/2006,3.67
1/31/2007,3.68
2/28/2007,3.66
3/31/2007,3.81
4/30/2007,3.71
5/31/2007,3.63
6/30/2007,3.65
7/31/2007,3.65
8/31/2007,3.82
9/30/2007,3.74
10/31/2007,3.66
11/30/2007,3.89
12/31/2007,3.85
1/31/2008,4.16
2/29/2008,4.26
3/31/2008,4.42
4/30/2008,4.28
5/31/2008,4.22
6/30/2008,4.46
7/31/2008,4.78
8/31/2008,4.67
9/30/2008,4.91
10/31/2008,6.1
11/30/2008,6.55
12/31/2008,6.5
1/31/2009,6.59
2/28/2009,7.08
3/31/2009,7.51
4/30/2009,6.67
5/31/2009,6.25
6/30/2009,6.1
7/31/2009,5.99
8/31/2009,5.53
9/30/2009,5.31
10/31/2009,5.17
11/30/2009,5.05
12/31/2009,4.92
1/31/2010,4.87
2/28/2010,5.02
3/31/2010,4.76
4/30/2010,4.59
5/31/2010,4.88
6/30/2010,5.07
7/31/2010,5.08
8/31/2010,5.06
9/30/2010,4.91
10/31/2010,4.71
11/30/2010,4.61
12/31/2010,4.46
1/31/2011,4.35
2/28/2011,4.26
3/31/2011,4.37
4/30/2011,4.32
5/31/2011,4.34
6/30/2011,4.52
7/31/2011,4.42
8/31/2011,4.99
9/30/2011,5.08
10/31/2011,4.96
11/30/2011,4.92
12/31/2011,4.87
1/31/2012,4.71
2/29/2012,4.59
3/31/2012,4.53
4/30/2012,4.59
5/31/2012,4.78
6/30/2012,4.87
7/31/2012,4.76
8/31/2012,4.67
9/30/2012,4.59
10/31/2012,4.63
11/30/2012,4.79
12/31/2012,4.71
1/31/2013,4.57
2/28/2013,4.53
3/31/2013,4.46
4/30/2013,4.43
5/31/2013,4.27
6/30/2013,4.36
7/31/2013,4.26
8/31/2013,4.28
9/30/2013,4.27
10/31/2013,4.2
11/30/2013,4.06
12/31/2013,4.02
1/31/2014,4.02
2/28/2014,4.07
3/31/2014,4.01
4/30/2014,4.03
5/31/2014,4.01
6/30/2014,3.91
7/31/2014,3.87
8/31/2014,3.9
9/30/2014,3.86
10/31/2014,3.97
11/30/2014,3.76
12/31/2014,3.73
1/31/2015,3.77
2/28/2015,3.7
3/31/2015,3.74
4/30/2015,3.73
5/31/2015,3.73
6/30/2015,3.77
7/31/2015,3.79
8/31/2015,3.89
9/30/2015,4.08
10/31/2015,3.92
11/30/2015,3.81
12/31/2015,3.85
1/31/2016,4.13
2/29/2016,4.17
3/31/2016,3.94
4/30/2016,3.86
5/31/2016,3.89
6/30/2016,3.87
7/31/2016,3.75
8/31/2016,3.71
9/30/2016,3.74
10/31/2016,3.77
11/30/2016,3.72
12/31/2016,3.59
1/31/2017,3.56
2/28/2017,3.49
3/31/2017,3.44
4/30/2017,3.46
5/31/2017,3.41
6/30/2017,3.36
7/31/2017,3.33
8/31/2017,3.34
9/30/2017,3.31
10/31/2017,3.23
11/30/2017,3.2
12/31/2017,3.12
1/31/2018,3
2/28/2018,3.12
3/31/2018,3.14
4/30/2018,3.23
5/31/2018,3.2
6/30/2018,3.16
7/31/2018,3.14
8/31/2018,3.09
9/30/2018,3.07
10/31/2018,3.22
11/30/2018,3.31
12/31/2018,3.53
1/31/2019,3.52
2/28/2019,3.39
3/31/2019,3.38
4/30/2019,3.32
5/31/2019,3.42
6/30/2019,3.41
7/31/2019,3.33
8/31/2019,3.48
9/30/2019,3.42
10/31/2019,3.47
11/30/2019,3.35
12/31/2019,3.3
1/31/2020,3.23
2/29/2020,3.25
3/31/2020,4.03
4/30/2020,3.86
5/31/2020,3.66
6/30/2020,3.34