DATE,DIV_YLD
1/31/1871,5.86
2/28/1871,5.78
3/31/1871,5.64
4/30/1871,5.49
5/31/1871,5.35
6/30/1871,5.39
7/31/1871,5.5
8/31/1871,5.43
9/30/1871,5.37
10/31/1871,5.66
11/30/1871,5.6
12/31/1871,5.49
1/31/1872,5.42
2/29/1872,5.47
3/31/1872,5.36
4/30/1872,5.28
5/31/1872,5.34
6/30/1872,5.46
7/31/1872,5.55
8/31/1872,5.69
9/30/1872,5.86
10/31/1872,5.9
11/30/1872,5.99
12/31/1872,5.92
1/31/1873,5.92
2/28/1873,5.92
3/31/1873,6.02
4/30/1873,6.15
5/31/1873,6.19
6/30/1873,6.33
7/31/1873,6.39
8/31/1873,6.44
9/30/1873,7.03
10/31/1873,7.76
11/30/1873,8.11
12/31/1873,7.47
1/31/1874,7.08
2/28/1874,6.88
3/31/1874,6.98
4/30/1874,7.17
5/31/1874,7.37
6/30/1874,7.4
7/31/1874,7.4
8/31/1874,7.38
9/30/1874,7.27
10/31/1874,7.28
11/30/1874,7.22
12/31/1874,7.27
1/31/1875,7.21
2/28/1875,7.17
3/31/1875,7.03
4/30/1875,6.88
5/31/1875,7.1
6/30/1875,7.19
7/31/1875,7.12
8/31/1875,7.03
9/30/1875,7.04
10/31/1875,7.09
11/30/1875,6.92
12/31/1875,6.86
1/31/1876,6.73
2/29/1876,6.64
3/31/1876,6.65
4/30/1876,6.91
5/31/1876,7.18
6/30/1876,7.23
7/31/1876,7.32
8/31/1876,7.63
9/30/1876,8.13
10/31/1876,8.17
11/30/1876,8.33
12/31/1876,8.38
1/31/1877,8.19
2/28/1877,8.43
3/31/1877,8.6
4/30/1877,8.96
5/31/1877,8.65
6/30/1877,8.97
7/31/1877,8.27
8/31/1877,7.43
9/30/1877,6.71
10/31/1877,6.29
11/30/1877,6.11
12/31/1877,5.85
1/31/1878,5.82
2/28/1878,5.92
3/31/1878,5.79
4/30/1878,5.61
5/31/1878,5.56
6/30/1878,5.43
7/31/1878,5.29
8/31/1878,5.31
9/30/1878,5.18
10/31/1878,5.22
11/30/1878,5.21
12/31/1878,5.22
1/31/1879,5.08
2/28/1879,4.94
3/31/1879,5.07
4/30/1879,4.95
5/31/1879,4.78
6/30/1879,4.8
7/31/1879,4.75
8/31/1879,4.75
9/30/1879,4.62
10/31/1879,4.2
11/30/1879,4.02
12/31/1879,4.07
1/31/1880,4.01
2/29/1880,4.04
3/31/1880,4.06
4/30/1880,4.25
5/31/1880,4.72
6/30/1880,4.8
7/31/1880,4.69
8/31/1880,4.62
9/30/1880,4.73
10/31/1880,4.69
11/30/1880,4.55
12/31/1880,4.45
1/31/1881,4.28
2/28/1881,4.38
3/31/1881,4.41
4/30/1881,4.5
5/31/1881,4.38
6/30/1881,4.41
7/31/1881,4.65
8/31/1881,4.84
9/30/1881,4.88
10/31/1881,5.04
11/30/1881,5.09
12/31/1881,5.32
1/31/1882,5.41
2/28/1882,5.53
3/31/1882,5.54
4/30/1882,5.54
5/31/1882,5.6
6/30/1882,5.63
7/31/1882,5.33
8/31/1882,5.18
9/30/1882,5.13
10/31/1882,5.27
11/30/1882,5.51
12/31/1882,5.48
1/31/1883,5.52
2/28/1883,5.66
3/31/1883,5.61
4/30/1883,5.51
5/31/1883,5.62
6/30/1883,5.58
7/31/1883,5.69
8/31/1883,5.97
9/30/1883,5.92
10/31/1883,6.1
11/30/1883,6.03
12/31/1883,6.18
1/31/1884,6.34
2/29/1884,6.14
3/31/1884,6.13
4/30/1884,6.39
5/31/1884,6.92
6/30/1884,7.17
7/31/1884,7.14
8/31/1884,6.68
9/30/1884,6.86
10/31/1884,7.06
11/30/1884,7.17
12/31/1884,7.14
1/31/1885,7.17
2/28/1885,6.83
3/31/1885,6.68
4/30/1885,6.56
5/31/1885,6.5
6/30/1885,6.4
7/31/1885,6.04
8/31/1885,5.59
9/30/1885,5.54
10/31/1885,5.12
11/30/1885,4.69
12/31/1885,4.62
1/31/1886,4.58
2/28/1886,4.47
3/31/1886,4.53
4/30/1886,4.56
5/31/1886,4.62
6/30/1886,4.38
7/31/1886,4.28
8/31/1886,4.22
9/30/1886,4.08
10/31/1886,3.95
11/30/1886,3.83
12/31/1886,3.9
1/31/1887,3.99
2/28/1887,4.06
3/31/1887,4.01
4/30/1887,3.97
5/31/1887,3.94
6/30/1887,4.1
7/31/1887,4.25
8/31/1887,4.4
9/30/1887,4.51
10/31/1887,4.71
11/30/1887,4.67
12/31/1887,4.74
1/31/1888,4.68
2/29/1888,4.67
3/31/1888,4.82
4/30/1888,4.77
5/31/1888,4.68
6/30/1888,4.79
7/31/1888,4.64
8/31/1888,4.51
9/30/1888,4.37
10/31/1888,4.36
11/30/1888,4.42
12/31/1888,4.47
1/31/1889,4.37
2/28/1889,4.31
3/31/1889,4.38
4/30/1889,4.38
5/31/1889,4.24
6/30/1889,4.16
7/31/1889,4.23
8/31/1889,4.16
9/30/1889,4.05
10/31/1889,4.11
11/30/1889,4.13
12/31/1889,4.14
1/31/1890,4.09
2/28/1890,4.14
3/31/1890,4.17
4/30/1890,4.08
5/31/1890,3.91
6/30/1890,3.94
7/31/1890,3.97
8/31/1890,4.07
9/30/1890,4.14
10/31/1890,4.33
11/30/1890,4.67
12/31/1890,4.78
1/31/1891,4.55
2/28/1891,4.49
3/31/1891,4.57
4/30/1891,4.43
5/31/1891,4.44
6/30/1891,4.54
7/31/1891,4.61
8/31/1891,4.46
9/30/1891,4.13
10/31/1891,4.13
11/30/1891,4.19
12/31/1891,4.07
1/31/1892,4.02
2/29/1892,4.05
3/31/1892,4.03
4/30/1892,4.07
5/31/1892,4.1
6/30/1892,4.15
7/31/1892,4.18
8/31/1892,4.15
9/30/1892,4.29
10/31/1892,4.23
11/30/1892,4.28
12/31/1892,4.36
1/31/1893,4.29
2/28/1893,4.39
3/31/1893,4.57
4/30/1893,4.58
5/31/1893,5.05
6/30/1893,5.31
7/31/1893,5.88
8/31/1893,6.05
9/30/1893,5.66
10/31/1893,5.52
11/30/1893,5.45
12/31/1893,5.67
1/31/1894,5.71
2/28/1894,5.55
3/31/1894,5.32
4/30/1894,5.18
5/31/1894,5.3
6/30/1894,5.3
7/31/1894,5.33
8/31/1894,5.06
9/30/1894,4.91
10/31/1894,4.99
11/30/1894,4.91
12/31/1894,4.88
1/31/1895,4.9
2/28/1895,4.93
3/31/1895,4.89
4/30/1895,4.65
5/31/1895,4.38
6/30/1895,4.26
7/31/1895,4.2
8/31/1895,4.11
9/30/1895,4.05
10/31/1895,4.07
11/30/1895,4.18
12/31/1895,4.4
1/31/1896,4.43
2/29/1896,4.23
3/31/1896,4.28
4/30/1896,4.22
5/31/1896,4.22
6/30/1896,4.28
7/31/1896,4.56
8/31/1896,4.81
9/30/1896,4.55
10/31/1896,4.43
11/30/1896,4.13
12/31/1896,4.27
1/31/1897,4.27
2/28/1897,4.31
3/31/1897,4.3
4/30/1897,4.43
5/31/1897,4.41
6/30/1897,4.22
7/31/1897,4.04
8/31/1897,3.79
9/30/1897,3.61
10/31/1897,3.73
11/30/1897,3.87
12/31/1897,3.79
1/31/1898,3.72
2/28/1898,3.76
3/31/1898,3.98
4/30/1898,4.09
5/31/1898,3.87
6/30/1898,3.75
7/31/1898,3.77
8/31/1898,3.67
9/30/1898,3.71
10/31/1898,3.82
11/30/1898,3.73
12/31/1898,3.54
1/31/1899,3.3
2/28/1899,3.2
3/31/1899,3.16
4/30/1899,3.14
5/31/1899,3.29
6/30/1899,3.38
7/31/1899,3.28
8/31/1899,3.21
9/30/1899,3.26
10/31/1899,3.29
11/30/1899,3.24
12/31/1899,3.49
1/31/1900,3.57
2/28/1900,3.62
3/31/1900,3.71
4/30/1900,3.79
5/31/1900,4.1
6/30/1900,4.35
7/31/1900,4.48
8/31/1900,4.55
9/30/1900,4.78
10/31/1900,4.74
11/30/1900,4.51
12/31/1900,4.37
1/31/1901,4.27
2/28/1901,4.18
3/31/1901,4.06
4/30/1901,3.77
5/31/1901,3.99
6/30/1901,3.65
7/31/1901,3.93
8/31/1901,3.9
9/30/1901,3.94
10/31/1901,4
11/30/1901,3.94
12/31/1901,4.03
1/31/1902,3.95
2/28/1902,3.93
3/31/1902,3.93
4/30/1902,3.81
5/31/1902,3.83
6/30/1902,3.86
7/31/1902,3.79
8/31/1902,3.7
9/30/1902,3.7
10/31/1902,3.83
11/30/1902,4
12/31/1902,4.1
1/31/1903,3.92
2/28/1903,3.96
3/31/1903,4.15
4/30/1903,4.34
5/31/1903,4.45
6/30/1903,4.74
7/31/1903,4.99
8/31/1903,5.18
9/30/1903,5.33
10/31/1903,5.54
11/30/1903,5.55
12/31/1903,5.33
1/31/1904,5.19
2/29/1904,5.28
3/31/1904,5.25
4/30/1904,5.07
5/31/1904,5.13
6/30/1904,5.07
7/31/1904,4.82
8/31/1904,4.61
9/30/1904,4.37
10/31/1904,4.09
11/30/1904,3.83
12/31/1904,3.76
1/31/1905,3.7
2/28/1905,3.56
3/31/1905,3.48
4/30/1905,3.54
5/31/1905,3.74
6/30/1905,3.72
7/31/1905,3.63
8/31/1905,3.51
9/30/1905,3.52
10/31/1905,3.49
11/30/1905,3.53
12/31/1905,3.46
1/31/1906,3.4
2/28/1906,3.49
3/31/1906,3.63
4/30/1906,3.75
5/31/1906,3.91
6/30/1906,3.92
7/31/1906,4.09
8/31/1906,3.87
9/30/1906,3.81
10/31/1906,3.99
11/30/1906,3.97
12/31/1906,4.07
1/31/1907,4.22
2/28/1907,4.39
3/31/1907,4.91
4/30/1907,4.93
5/31/1907,5.14
6/30/1907,5.36
7/31/1907,5.2
8/31/1907,5.67
9/30/1907,5.77
10/31/1907,6.53
11/30/1907,6.99
12/31/1907,6.7
1/31/1908,6.38
2/29/1908,6.57
3/31/1908,6.26
4/30/1908,5.89
5/31/1908,5.55
6/30/1908,5.5
7/31/1908,5.26
8/31/1908,5
9/30/1908,5.02
10/31/1908,4.92
11/30/1908,4.57
12/31/1908,4.43
1/31/1909,4.45
2/28/1909,4.62
3/31/1909,4.6
4/30/1909,4.43
5/31/1909,4.33
6/30/1909,4.29
7/31/1909,4.26
8/31/1909,4.19
9/30/1909,4.22
10/31/1909,4.24
11/30/1909,4.29
12/31/1909,4.27
1/31/1910,4.39
2/28/1910,4.58
3/31/1910,4.49
4/30/1910,4.63
5/31/1910,4.73
6/30/1910,5
7/31/1910,5.3
8/31/1910,5.2
9/30/1910,5.19
10/31/1910,4.99
11/30/1910,5.02
12/31/1910,5.19
1/31/1911,5.07
2/28/1911,4.98
3/31/1911,5.04
4/30/1911,5.06
5/31/1911,4.96
6/30/1911,4.86
7/31/1911,4.88
8/31/1911,5.13
9/30/1911,5.42
10/31/1911,5.39
11/30/1911,5.18
12/31/1911,5.16
1/31/1912,5.16
2/29/1912,5.22
3/31/1912,5.08
4/30/1912,4.94
5/31/1912,4.95
6/30/1912,4.96
7/31/1912,4.96
8/31/1912,4.86
9/30/1912,4.84
10/31/1912,4.86
11/30/1912,4.92
12/31/1912,5.12
1/31/1913,5.16
2/28/1913,5.35
3/31/1913,5.45
4/30/1913,5.46
5/31/1913,5.61
6/30/1913,5.91
7/31/1913,5.83
8/31/1913,5.68
9/30/1913,5.63
10/31/1913,5.81
11/30/1913,5.96
12/31/1913,5.97
1/31/1914,5.68
2/28/1914,5.54
3/31/1914,5.59
4/30/1914,5.67
5/31/1914,5.57
6/30/1914,5.54
7/31/1914,5.79
8/31/1914,5.73
9/30/1914,5.66
10/31/1914,5.6
11/30/1914,5.53
12/31/1914,5.71
1/31/1915,5.63
2/28/1915,5.71
3/31/1915,5.58
4/30/1915,5.2
5/31/1915,5.34
6/30/1915,5.29
7/31/1915,5.32
8/31/1915,5.11
9/30/1915,4.94
10/31/1915,4.69
11/30/1915,4.54
12/31/1915,4.54
1/31/1916,4.72
2/29/1916,4.91
3/31/1916,5.04
4/30/1916,5.22
5/31/1916,5.22
6/30/1916,5.29
7/31/1916,5.48
8/31/1916,5.56
9/30/1916,5.45
10/31/1916,5.39
11/30/1916,5.38
12/31/1916,5.71
1/31/1917,5.96
2/28/1917,6.44
3/31/1917,6.36
4/30/1917,6.58
5/31/1917,6.93
6/30/1917,6.91
7/31/1917,7.23
8/31/1917,7.58
9/30/1917,8.1
10/31/1917,8.7
11/30/1917,9.65
12/31/1917,10.15
1/31/1918,9.43
2/28/1918,9.02
3/31/1918,9.07
4/30/1918,9.02
5/31/1918,8.6
6/30/1918,8.46
7/31/1918,8.26
8/31/1918,8.05
9/30/1918,7.96
10/31/1918,7.51
11/30/1918,7.2
12/31/1918,7.22
1/31/1919,7.22
2/28/1919,7.15
3/31/1919,6.9
4/30/1919,6.64
5/31/1919,6.17
6/30/1919,5.97
7/31/1919,5.75
8/31/1919,6.13
9/30/1919,5.99
10/31/1919,5.67
11/30/1919,5.8
12/31/1919,5.94
1/31/1920,5.98
2/29/1920,6.5
3/31/1920,6.06
4/30/1920,6.08
5/31/1920,6.47
6/30/1920,6.57
7/31/1920,6.55
8/31/1920,6.8
9/30/1920,6.54
10/31/1920,6.51
11/30/1920,6.84
12/31/1920,7.49
1/31/1921,7.11
2/28/1921,7.11
3/31/1921,7.23
4/30/1921,7.14
5/31/1921,6.87
6/30/1921,7.4
7/31/1921,7.36
8/31/1921,7.39
9/30/1921,7.15
10/31/1921,6.99
11/30/1921,6.58
12/31/1921,6.29
1/31/1922,6.36
2/28/1922,6.28
3/31/1922,6.1
4/30/1922,5.81
5/31/1922,5.64
6/30/1922,5.74
7/31/1922,5.75
8/31/1922,5.59
9/30/1922,5.49
10/31/1922,5.42
11/30/1922,5.75
12/31/1922,5.81
1/31/1923,5.75
2/28/1923,5.53
3/31/1923,5.46
4/30/1923,5.68
5/31/1923,5.98
6/30/1923,6.24
7/31/1923,6.47
8/31/1923,6.46
9/30/1923,6.44
10/31/1923,6.56
11/30/1923,6.39
12/31/1923,6.2
1/31/1924,6.02
2/29/1924,6.01
3/31/1924,6.15
4/30/1924,6.31
5/31/1924,6.36
6/30/1924,6.26
7/31/1924,6
8/31/1924,5.82
9/30/1924,5.89
10/31/1924,5.99
11/30/1924,5.69
12/31/1924,5.41
1/31/1925,5.24
2/28/1925,5.23
3/31/1925,5.41
4/30/1925,5.51
5/31/1925,5.38
6/30/1925,5.32
7/31/1925,5.22
8/31/1925,5.18
9/30/1925,5.1
10/31/1925,4.98
11/30/1925,4.86
12/31/1925,4.82
1/31/1926,4.8
2/28/1926,4.85
3/31/1926,5.27
4/30/1926,5.49
5/31/1926,5.51
6/30/1926,5.33
7/31/1926,5.17
8/31/1926,5.03
9/30/1926,5.01
10/31/1926,5.18
11/30/1926,5.17
12/31/1926,5.11
1/31/1927,5.2
2/28/1927,5.15
3/31/1927,5.12
4/30/1927,5.04
5/31/1927,4.92
6/30/1927,4.9
7/31/1927,4.84
8/31/1927,4.64
9/30/1927,4.43
10/31/1927,4.54
11/30/1927,4.47
12/31/1927,4.41
1/31/1928,4.43
2/29/1928,4.52
3/31/1928,4.33
4/30/1928,4.11
5/31/1928,4.02
6/30/1928,4.26
7/31/1928,4.26
8/31/1928,4.16
9/30/1928,3.92
10/31/1928,3.87
11/30/1928,3.66
12/31/1928,3.67
1/31/1929,3.46
2/28/1929,3.48
3/31/1929,3.46
4/30/1929,3.52
5/31/1929,3.51
6/30/1929,3.48
7/31/1929,3.23
8/31/1929,3.09
9/30/1929,3
10/31/1929,3.39
11/30/1929,4.66
12/31/1929,4.53
1/31/1930,4.47
2/28/1930,4.21
3/31/1930,4.06
4/30/1930,3.82
5/31/1930,4.07
6/30/1930,4.53
7/31/1930,4.63
8/31/1930,4.7
9/30/1930,4.7
10/31/1930,5.46
11/30/1930,5.89
12/31/1930,6.32
1/31/1931,6.05
2/28/1931,5.54
3/31/1931,5.36
4/30/1931,5.84
5/31/1931,6.37
6/30/1931,6.49
7/31/1931,6.19
8/31/1931,6.28
9/30/1931,7.27
10/31/1931,8.26
11/30/1931,8.02
12/31/1931,9.72
1/31/1932,9.56
2/29/1932,9.32
3/31/1932,8.96
4/30/1932,11.36
5/31/1932,12.46
6/30/1932,13.84
7/31/1932,12.64
8/31/1932,8.06
9/30/1932,7.02
10/31/1932,7.77
11/30/1932,7.47
12/31/1932,7.33
1/31/1933,6.98
2/28/1933,7.84
3/31/1933,7.78
4/30/1933,6.97
5/31/1933,5.36
6/30/1933,4.52
7/31/1933,4.14
8/31/1933,4.31
9/30/1933,4.3
10/31/1933,4.71
11/30/1933,4.55
12/31/1933,4.41
1/31/1934,4.18
2/28/1934,3.9
3/31/1934,4.12
4/30/1934,4.06
5/31/1934,4.53
6/30/1934,4.48
7/31/1934,4.71
8/31/1934,4.91
9/30/1934,5.04
10/31/1934,5.01
11/30/1934,4.88
12/31/1934,4.86
1/31/1935,4.86
2/28/1935,5.01
3/31/1935,5.35
4/30/1935,4.94
5/31/1935,4.55
6/30/1935,4.35
7/31/1935,4.13
8/31/1935,3.87
9/30/1935,3.79
10/31/1935,3.78
11/30/1935,3.53
12/31/1935,3.6
1/31/1936,3.49
2/29/1936,3.37
3/31/1936,3.36
4/30/1936,3.47
5/31/1936,3.79
6/30/1936,3.74
7/31/1936,3.66
8/31/1936,3.72
9/30/1936,3.8
10/31/1936,3.83
11/30/1936,3.94
12/31/1936,4.22
1/31/1937,4.15
2/28/1937,4.09
3/31/1937,4.15
4/30/1937,4.59
5/31/1937,4.98
6/30/1937,5.37
7/31/1937,4.93
8/31/1937,4.74
9/30/1937,5.36
10/31/1937,6.35
11/30/1937,7.05
12/31/1937,7.26
1/31/1938,7.01
2/28/1938,7.13
3/31/1938,7.57
4/30/1938,7.75
5/31/1938,7.55
6/30/1938,7.25
7/31/1938,5.83
8/31/1938,5.58
9/30/1938,5.62
10/31/1938,4.67
11/30/1938,4.28
12/31/1938,4.02
1/31/1939,4.11
2/28/1939,4.17
3/31/1939,4.2
4/30/1939,4.83
5/31/1939,4.69
6/30/1939,4.64
7/31/1939,4.61
8/31/1939,4.77
9/30/1939,4.39
10/31/1939,4.5
11/30/1939,4.74
12/31/1939,5.01
1/31/1940,5.07
2/29/1940,5.13
3/31/1940,5.19
4/30/1940,5.19
5/31/1940,6.08
6/30/1940,6.72
7/31/1940,6.57
8/31/1940,6.5
9/30/1940,6.3
10/31/1940,6.24
11/30/1940,6.1
12/31/1940,6.36
1/31/1941,6.38
2/28/1941,6.84
3/31/1941,6.83
4/30/1941,7.09
5/31/1941,7.28
6/30/1941,7.07
7/31/1941,6.76
8/31/1941,6.82
9/30/1941,6.84
10/31/1941,7.15
11/30/1941,7.54
12/31/1941,8.11
1/31/1942,7.88
2/28/1942,8.05
3/31/1942,8.44
4/30/1942,8.67
5/31/1942,8.45
6/30/1942,7.92
7/31/1942,7.48
8/31/1942,7.37
9/30/1942,7.14
10/31/1942,6.55
11/30/1942,6.34
12/31/1942,6.2
1/31/1943,5.85
2/28/1943,5.52
3/31/1943,5.33
4/30/1943,5.16
5/31/1943,4.96
6/30/1943,4.88
7/31/1943,4.8
8/31/1943,5.08
9/30/1943,5
10/31/1943,5.08
11/30/1943,5.35
12/31/1943,5.31
1/31/1944,5.18
2/29/1944,5.24
3/31/1944,5.12
4/30/1944,5.24
5/31/1944,5.18
6/30/1944,4.97
7/31/1944,4.87
8/31/1944,4.97
9/30/1944,5.08
10/31/1944,4.96
11/30/1944,4.99
12/31/1944,4.89
1/31/1945,4.77
2/28/1945,4.64
3/31/1945,4.67
4/30/1945,4.55
5/31/1945,4.39
6/30/1945,4.31
7/31/1945,4.42
8/31/1945,4.43
9/30/1945,4.17
10/31/1945,4
11/30/1945,3.87
12/31/1945,3.81
1/31/1946,3.7
2/28/1946,3.73
3/31/1946,3.88
4/30/1946,3.64
5/31/1946,3.64
6/30/1946,3.66
7/31/1946,3.79
8/31/1946,3.88
9/30/1946,4.57
10/31/1946,4.72
11/30/1946,4.79
12/31/1946,4.69
1/31/1947,4.69
2/28/1947,4.54
3/31/1947,4.75
4/30/1947,5.02
5/31/1947,5.21
6/30/1947,5.12
7/31/1947,4.88
8/31/1947,5.05
9/30/1947,5.25
10/31/1947,5.22
11/30/1947,5.39
12/31/1947,5.59
1/31/1948,5.69
2/29/1948,6
3/31/1948,5.94
4/30/1948,5.52
5/31/1948,5.26
6/30/1948,5.05
7/31/1948,5.22
8/31/1948,5.42
9/30/1948,5.52
10/31/1948,5.5
11/30/1948,5.95
12/31/1948,6.12
1/31/1949,6.16
2/28/1949,6.52
3/31/1949,6.57
4/30/1949,6.67
5/31/1949,6.81
6/30/1949,7.3
7/31/1949,6.96
8/31/1949,6.76
9/30/1949,6.71
10/31/1949,6.75
11/30/1949,6.87
12/31/1949,6.89
1/31/1950,6.81
2/28/1950,6.74
3/31/1950,6.74
4/30/1950,6.61
5/31/1950,6.45
6/30/1950,6.4
7/31/1950,7.15
8/31/1950,6.98
9/30/1950,6.97
10/31/1950,6.93
11/30/1950,7.18
12/31/1950,7.44
1/31/1951,7.01
2/28/1951,6.83
3/31/1951,7.03
4/30/1951,7
5/31/1951,7.05
6/30/1951,7.24
7/31/1951,7.05
8/31/1951,6.7
9/30/1951,6.47
10/31/1951,6.35
11/30/1951,6.37
12/31/1951,6.02
1/31/1952,5.84
2/29/1952,5.96
3/31/1952,5.96
4/30/1952,6.02
5/31/1952,6.07
6/30/1952,5.95
7/31/1952,5.78
8/31/1952,5.76
9/30/1952,5.85
10/31/1952,5.92
11/30/1952,5.69
12/31/1952,5.41
1/31/1953,5.39
2/28/1953,5.45
3/31/1953,5.43
4/30/1953,5.72
5/31/1953,5.7
6/30/1953,5.93
7/31/1953,5.85
8/31/1953,5.82
9/30/1953,6.1
10/31/1953,5.97
11/30/1953,5.88
12/31/1953,5.84
1/31/1954,5.72
2/28/1954,5.62
3/31/1954,5.53
4/30/1954,5.3
5/31/1954,5.07
6/30/1954,5.01
7/31/1954,4.83
8/31/1954,4.76
9/30/1954,4.67
10/31/1954,4.64
11/30/1954,4.54
12/31/1954,4.4
1/31/1955,4.34
2/28/1955,4.22
3/31/1955,4.27
4/30/1955,4.14
5/31/1955,4.17
6/30/1955,3.95
7/31/1955,3.72
8/31/1955,3.78
9/30/1955,3.65
10/31/1955,3.86
11/30/1955,3.63
12/31/1955,3.61
1/31/1956,3.78
2/29/1956,3.83
3/31/1956,3.64
4/30/1956,3.65
5/31/1956,3.82
6/30/1956,3.89
7/31/1956,3.72
8/31/1956,3.77
9/30/1956,3.93
10/31/1956,3.91
11/30/1956,3.88
12/31/1956,3.75
1/31/1957,3.82
2/28/1957,3.99
3/31/1957,3.93
4/30/1957,3.84
5/31/1957,3.7
6/30/1957,3.64
7/31/1957,3.59
8/31/1957,3.82
9/30/1957,4
10/31/1957,4.29
11/30/1957,4.41
12/31/1957,4.44
1/31/1958,4.34
2/28/1958,4.31
3/31/1958,4.2
4/30/1958,4.15
5/31/1958,3.99
6/30/1958,3.87
7/31/1958,3.76
8/31/1958,3.63
9/30/1958,3.53
10/31/1958,3.41
11/30/1958,3.32
12/31/1958,3.27
1/31/1959,3.16
2/28/1959,3.22
3/31/1959,3.15
4/30/1959,3.11
5/31/1959,3.08
6/30/1959,3.12
7/31/1959,3.01
8/31/1959,3.04
9/30/1959,3.17
10/31/1959,3.19
11/30/1959,3.19
12/31/1959,3.1
1/31/1960,3.22
2/29/1960,3.41
3/31/1960,3.53
4/30/1960,3.49
5/31/1960,3.53
6/30/1960,3.41
7/31/1960,3.49
8/31/1960,3.45
9/30/1960,3.56
10/31/1960,3.63
11/30/1960,3.52
12/31/1960,3.43
1/31/1961,3.26
2/28/1961,3.13
3/31/1961,3.03
4/30/1961,2.95
5/31/1961,2.92
6/30/1961,2.96
7/31/1961,2.97
8/31/1961,2.88
9/30/1961,2.91
10/31/1961,2.91
11/30/1961,2.81
12/31/1961,2.82
1/31/1962,2.93
2/28/1962,2.9
3/31/1962,2.9
4/30/1962,3.01
5/31/1962,3.26
6/30/1962,3.7
7/31/1962,3.63
8/31/1962,3.54
9/30/1962,3.59
10/31/1962,3.73
11/30/1962,3.52
12/31/1962,3.4
1/31/1963,3.28
2/28/1963,3.25
3/31/1963,3.27
4/30/1963,3.15
5/31/1963,3.11
6/30/1963,3.14
7/31/1963,3.19
8/31/1963,3.11
9/30/1963,3.03
10/31/1963,3.06
11/30/1963,3.11
12/31/1963,3.07
1/31/1964,3
2/29/1964,2.99
3/31/1964,2.96
4/30/1964,2.94
5/31/1964,2.93
6/30/1964,2.97
7/31/1964,2.88
8/31/1964,2.95
9/30/1964,2.93
10/31/1964,2.9
11/30/1964,2.9
12/31/1964,2.98
1/31/1965,2.92
2/28/1965,2.92
3/31/1965,2.94
4/30/1965,2.92
5/31/1965,2.9
6/30/1965,3.07
7/31/1965,3.09
8/31/1965,3.06
9/30/1965,2.98
10/31/1965,2.93
11/30/1965,2.93
12/31/1965,2.97
1/31/1966,2.94
2/28/1966,2.98
3/31/1966,3.13
4/30/1966,3.05
5/31/1966,3.24
6/30/1966,3.29
7/31/1966,3.32
8/31/1966,3.56
9/30/1966,3.71
10/31/1966,3.74
11/30/1966,3.55
12/31/1966,3.53
1/31/1967,3.41
2/28/1967,3.31
3/31/1967,3.24
4/30/1967,3.19
5/31/1967,3.13
6/30/1967,3.17
7/31/1967,3.13
8/31/1967,3.08
9/30/1967,3.05
10/31/1967,3.05
11/30/1967,3.15
12/31/1967,3.06
1/31/1968,3.08
2/29/1968,3.24
3/31/1968,3.31
4/30/1968,3.1
5/31/1968,3.04
6/30/1968,2.98
7/31/1968,2.99
8/31/1968,3.07
9/30/1968,2.99
10/31/1968,2.93
11/30/1968,2.9
12/31/1968,2.88
1/31/1969,3.02
2/28/1969,3.04
3/31/1969,3.12
4/30/1969,3.07
5/31/1969,2.98
6/30/1969,3.16
7/31/1969,3.31
8/31/1969,3.34
9/30/1969,3.33
10/31/1969,3.3
11/30/1969,3.28
12/31/1969,3.47
1/31/1970,3.5
2/28/1970,3.63
3/31/1970,3.58
4/30/1970,3.69
5/31/1970,4.18
6/30/1970,4.21
7/31/1970,4.2
8/31/1970,4.09
9/30/1970,3.86
10/31/1970,3.76
11/30/1970,3.75
12/31/1970,3.49
1/31/1971,3.35
2/28/1971,3.21
3/31/1971,3.12
4/30/1971,3.02
5/31/1971,3.05
6/30/1971,3.11
7/31/1971,3.13
8/31/1971,3.18
9/30/1971,3.11
10/31/1971,3.17
11/30/1971,3.32
12/31/1971,3.1
1/31/1972,2.97
2/29/1972,2.92
3/31/1972,2.85
4/30/1972,2.82
5/31/1972,2.85
6/30/1972,2.84
7/31/1972,2.87
8/31/1972,2.77
9/30/1972,2.82
10/31/1972,2.83
11/30/1972,2.72
12/31/1972,2.68
1/31/1973,2.67
2/28/1973,2.77
3/31/1973,2.82
4/30/1973,2.89
5/31/1973,2.99
6/30/1973,3.07
7/31/1973,3.06
8/31/1973,3.13
9/30/1973,3.1
10/31/1973,3.01
11/30/1973,3.28
12/31/1973,3.57
1/31/1974,3.54
2/28/1974,3.66
3/31/1974,3.53
4/30/1974,3.74
5/31/1974,3.88
6/30/1974,3.9
7/31/1974,4.45
8/31/1974,4.68
9/30/1974,5.27
10/31/1974,5.17
11/30/1974,5.01
12/31/1974,5.37
1/31/1975,4.99
2/28/1975,4.55
3/31/1975,4.38
4/30/1975,4.35
5/31/1975,4.1
6/30/1975,4.02
7/31/1975,4.01
8/31/1975,4.33
9/30/1975,4.38
10/31/1975,4.18
11/30/1975,4.1
12/31/1975,4.15
1/31/1976,3.8
2/29/1976,3.66
3/31/1976,3.65
4/30/1976,3.64
5/31/1976,3.69
6/30/1976,3.69
7/31/1976,3.64
8/31/1976,3.7
9/30/1976,3.65
10/31/1976,3.84
11/30/1976,3.94
12/31/1976,3.87
1/31/1977,3.95
2/28/1977,4.1
3/31/1977,4.17
4/30/1977,4.29
5/31/1977,4.36
6/30/1977,4.39
7/31/1977,4.4
8/31/1977,4.56
9/30/1977,4.68
10/31/1977,4.86
11/30/1977,4.89
12/31/1977,4.98
1/31/1978,5.22
2/28/1978,5.35
3/31/1978,5.4
4/30/1978,5.22
5/31/1978,5
6/30/1978,5.03
7/31/1978,5.09
8/31/1978,4.8
9/30/1978,4.83
10/31/1978,5.01
11/30/1978,5.34
12/31/1978,5.28
1/31/1979,5.13
2/28/1979,5.25
3/31/1979,5.19
4/30/1979,5.14
5/31/1979,5.31
6/30/1979,5.25
7/31/1979,5.25
8/31/1979,5.08
9/30/1979,5.07
10/31/1979,5.32
11/30/1979,5.4
12/31/1979,5.24
1/31/1980,5.14
2/29/1980,4.99
3/31/1980,5.54
4/30/1980,5.68
5/31/1980,5.47
6/30/1980,5.18
7/31/1980,4.99
8/31/1980,4.88
9/30/1980,4.8
10/31/1980,4.69
11/30/1980,4.52
12/31/1980,4.61
1/31/1981,4.66
2/28/1981,4.86
3/31/1981,4.71
4/30/1981,4.7
5/31/1981,4.82
6/30/1981,4.83
7/31/1981,4.98
8/31/1981,5
9/30/1981,5.51
10/31/1981,5.47
11/30/1981,5.36
12/31/1981,5.36
1/31/1982,5.68
2/28/1982,5.84
3/31/1982,6.06
4/30/1982,5.8
5/31/1982,5.82
6/30/1982,6.21
7/31/1982,6.24
8/31/1982,6.23
9/30/1982,5.6
10/31/1982,5.17
11/30/1982,4.97
12/31/1982,4.93
1/31/1983,4.77
2/28/1983,4.7
3/31/1983,4.55
4/30/1983,4.39
5/31/1983,4.22
6/30/1983,4.17
7/31/1983,4.17
8/31/1983,4.3
9/30/1983,4.19
10/31/1983,4.19
11/30/1983,4.27
12/31/1983,4.31
1/31/1984,4.28
2/29/1984,4.55
3/31/1984,4.56
4/30/1984,4.58
5/31/1984,4.64
6/30/1984,4.77
7/31/1984,4.85
8/31/1984,4.47
9/30/1984,4.44
10/31/1984,4.51
11/30/1984,4.5
12/31/1984,4.58
1/31/1985,4.41
2/28/1985,4.21
3/31/1985,4.27
4/30/1985,4.26
5/31/1985,4.17
6/30/1985,4.1
7/31/1985,4.04
8/31/1985,4.15
9/30/1985,4.26
10/31/1985,4.22
11/30/1985,3.99
12/31/1985,3.81
1/31/1986,3.81
2/28/1986,3.64
3/31/1986,3.45
4/30/1986,3.38
5/31/1986,3.39
6/30/1986,3.3
7/31/1986,3.39
8/31/1986,3.34
9/30/1986,3.45
10/31/1986,3.47
11/30/1986,3.37
12/31/1986,3.33
1/31/1987,3.14
2/28/1987,2.96
3/31/1987,2.85
4/30/1987,2.9
5/31/1987,2.93
6/30/1987,2.83
7/31/1987,2.76
8/31/1987,2.61
9/30/1987,2.72
10/31/1987,3.11
11/30/1987,3.58
12/31/1987,3.66
1/31/1988,3.54
2/29/1988,3.45
3/31/1988,3.37
4/30/1988,3.44
5/31/1988,3.57
6/30/1988,3.41
7/31/1988,3.46
8/31/1988,3.56
9/30/1988,3.53
10/31/1988,3.44
11/30/1988,3.56
12/31/1988,3.53
1/31/1989,3.45
2/28/1989,3.38
3/31/1989,3.42
4/30/1989,3.35
5/31/1989,3.27
6/30/1989,3.2
7/31/1989,3.16
8/31/1989,3.06
9/30/1989,3.09
10/31/1989,3.12
11/30/1989,3.22
12/31/1989,3.17
1/31/1990,3.28
2/28/1990,3.4
3/31/1990,3.34
4/30/1990,3.38
5/31/1990,3.3
6/30/1990,3.24
7/31/1990,3.26
8/31/1990,3.56
9/30/1990,3.75
10/31/1990,3.88
11/30/1990,3.81
12/31/1990,3.68
1/31/1991,3.72
2/28/1991,3.34
3/31/1991,3.25
4/30/1991,3.19
5/31/1991,3.21
6/30/1991,3.21
7/31/1991,3.21
8/31/1991,3.14
9/30/1991,3.17
10/31/1991,3.17
11/30/1991,3.17
12/31/1991,3.14
1/31/1992,2.94
2/29/1992,2.98
3/31/1992,3.03
4/30/1992,3.02
5/31/1992,2.97
6/30/1992,3.02
7/31/1992,2.97
8/31/1992,2.96
9/30/1992,2.96
10/31/1992,3
11/30/1992,2.93
12/31/1992,2.84
1/31/1993,2.85
2/28/1993,2.82
3/31/1993,2.77
4/30/1993,2.82
5/31/1993,2.81
6/30/1993,2.79
7/31/1993,2.8
8/31/1993,2.76
9/30/1993,2.73
10/31/1993,2.7
11/30/1993,2.71
12/31/1993,2.7
1/31/1994,2.67
2/28/1994,2.69
3/31/1994,2.74
4/30/1994,2.85
5/31/1994,2.84
6/30/1994,2.82
7/31/1994,2.85
8/31/1994,2.78
9/30/1994,2.77
10/31/1994,2.8
11/30/1994,2.84
12/31/1994,2.89
1/31/1995,2.83
2/28/1995,2.73
3/31/1995,2.67
4/30/1995,2.61
5/31/1995,2.54
6/30/1995,2.48
7/31/1995,2.41
8/31/1995,2.42
9/30/1995,2.35
10/31/1995,2.34
11/30/1995,2.3
12/31/1995,2.24
1/31/1996,2.26
2/29/1996,2.16
3/31/1996,2.18
4/30/1996,2.19
5/31/1996,2.15
6/30/1996,2.14
7/31/1996,2.24
8/31/1996,2.19
9/30/1996,2.17
10/31/1996,2.1
11/30/1996,2.01
12/31/1996,2
1/31/1997,1.95
2/28/1997,1.88
3/31/1997,1.9
4/30/1997,1.98
5/31/1997,1.82
6/30/1997,1.73
7/31/1997,1.64
8/31/1997,1.65
9/30/1997,1.64
10/31/1997,1.62
11/30/1997,1.64
12/31/1997,1.61
1/31/1998,1.61
2/28/1998,1.52
3/31/1998,1.45
4/30/1998,1.42
5/31/1998,1.43
6/30/1998,1.44
7/31/1998,1.38
8/31/1998,1.5
9/30/1998,1.58
10/31/1998,1.57
11/30/1998,1.41
12/31/1998,1.36
1/31/1999,1.3
2/28/1999,1.31
3/31/1999,1.28
4/30/1999,1.23
5/31/1999,1.23
6/30/1999,1.24
7/31/1999,1.2
8/31/1999,1.25
9/30/1999,1.26
10/31/1999,1.28
11/30/1999,1.2
12/31/1999,1.17
1/31/2000,1.17
2/29/2000,1.21
3/31/2000,1.16
4/30/2000,1.15
5/31/2000,1.18
6/30/2000,1.14
7/31/2000,1.13
8/31/2000,1.11
9/30/2000,1.11
10/31/2000,1.17
11/30/2000,1.18
12/31/2000,1.22
1/31/2001,1.21
2/28/2001,1.23
3/31/2001,1.35
4/30/2001,1.33
5/31/2001,1.24
6/30/2001,1.27
7/31/2001,1.3
8/31/2001,1.33
9/30/2001,1.51
10/31/2001,1.46
11/30/2001,1.39
12/31/2001,1.37
1/31/2002,1.38
2/28/2002,1.43
3/31/2002,1.36
4/30/2002,1.42
5/31/2002,1.48
6/30/2002,1.58
7/31/2002,1.77
8/31/2002,1.74
9/30/2002,1.82
10/31/2002,1.86
11/30/2002,1.76
12/31/2002,1.79
1/31/2003,1.8
2/28/2003,1.93
3/31/2003,1.92
4/30/2003,1.82
5/31/2003,1.73
6/30/2003,1.64
7/31/2003,1.64
8/31/2003,1.66
9/30/2003,1.63
10/31/2003,1.62
11/30/2003,1.63
12/31/2003,1.61
1/31/2004,1.55
2/29/2004,1.56
3/31/2004,1.6
4/30/2004,1.61
5/31/2004,1.67
6/30/2004,1.64
7/31/2004,1.7
8/31/2004,1.74
9/30/2004,1.71
10/31/2004,1.72
11/30/2004,1.66
12/31/2004,1.62
1/31/2005,1.67
2/28/2005,1.66
3/31/2005,1.69
4/30/2005,1.76
5/31/2005,1.76
6/30/2005,1.74
7/31/2005,1.73
8/31/2005,1.74
9/30/2005,1.75
10/31/2005,1.82
11/30/2005,1.78
12/31/2005,1.76
1/31/2006,1.75
2/28/2006,1.77
3/31/2006,1.76
4/30/2006,1.77
5/31/2006,1.8
6/30/2006,1.87
7/31/2006,1.88
8/31/2006,1.85
9/30/2006,1.83
10/31/2006,1.79
11/30/2006,1.77
12/31/2006,1.76
1/31/2007,1.76
2/28/2007,1.75
3/31/2007,1.81
4/30/2007,1.76
5/31/2007,1.72
6/30/2007,1.73
7/31/2007,1.74
8/31/2007,1.84
9/30/2007,1.8
10/31/2007,1.77
11/30/2007,1.88
12/31/2007,1.87
1/31/2008,2.03
2/29/2008,2.07
3/31/2008,2.15
4/30/2008,2.08
5/31/2008,2.04
6/30/2008,2.14
7/31/2008,2.29
8/31/2008,2.25
9/30/2008,2.37
10/31/2008,2.96
11/30/2008,3.23
12/31/2008,3.23
1/31/2009,3.24
2/28/2009,3.43
3/31/2009,3.6
4/30/2009,3.15
5/31/2009,2.9
6/30/2009,2.76
7/31/2009,2.67
8/31/2009,2.42
9/30/2009,2.29
10/31/2009,2.19
11/30/2009,2.1
12/31/2009,2.02
1/31/2010,1.98
2/28/2010,2.03
3/31/2010,1.9
4/30/2010,1.83
5/31/2010,1.95
6/30/2010,2.03
7/31/2010,2.05
8/31/2010,2.05
9/30/2010,1.99
10/31/2010,1.92
11/30/2010,1.89
12/31/2010,1.83
1/31/2011,1.79
2/28/2011,1.76
3/31/2011,1.8
4/30/2011,1.78
5/31/2011,1.8
6/30/2011,1.89
7/31/2011,1.86
8/31/2011,2.1
9/30/2011,2.15
10/31/2011,2.12
11/30/2011,2.12
12/31/2011,2.13
1/31/2012,2.06
2/29/2012,2
3/31/2012,1.97
4/30/2012,2
5/31/2012,2.09
6/30/2012,2.14
7/31/2012,2.11
8/31/2012,2.08
9/30/2012,2.05
10/31/2012,2.1
11/30/2012,2.2
12/31/2012,2.2
1/31/2013,2.13
2/28/2013,2.1
3/31/2013,2.07
4/30/2013,2.07
5/31/2013,2.01
6/30/2013,2.06
7/31/2013,2.02
8/31/2013,2.04
9/30/2013,2.04
10/31/2013,2.01
11/30/2013,1.95
12/31/2013,1.94
1/31/2014,1.94
2/28/2014,1.97
3/31/2014,1.94
4/30/2014,1.96
5/31/2014,1.96
6/30/2014,1.92
7/31/2014,1.91
8/31/2014,1.94
9/30/2014,1.93
10/31/2014,2
11/30/2014,1.91
12/31/2014,1.92
1/31/2015,1.97
2/28/2015,1.94
3/31/2015,1.96
4/30/2015,1.96
5/31/2015,1.96
6/30/2015,1.99
7/31/2015,2.01
8/31/2015,2.07
9/30/2015,2.19
10/31/2015,2.11
11/30/2015,2.07
12/31/2015,2.11
1/31/2016,2.27
2/29/2016,2.3
3/31/2016,2.17
4/30/2016,2.12
5/31/2016,2.14
6/30/2016,2.13
7/31/2016,2.08
8/31/2016,2.07
9/30/2016,2.09
10/31/2016,2.11
11/30/2016,2.1
12/31/2016,2.03
1/31/2017,2.02
2/28/2017,1.98
3/31/2017,1.96
4/30/2017,1.98
5/31/2017,1.96
6/30/2017,1.94
7/31/2017,1.94
8/31/2017,1.95
9/30/2017,1.93
10/31/2017,1.89
11/30/2017,1.88
12/31/2017,1.84
1/31/2018,1.77
2/28/2018,1.84
3/31/2018,1.85
4/30/2018,1.9
5/31/2018,1.88
6/30/2018,1.85
7/31/2018,1.84
8/31/2018,1.82
9/30/2018,1.8
10/31/2018,1.9
11/30/2018,1.96
12/31/2018,2.09
1/31/2019,2.08
2/28/2019,1.98
3/31/2019,1.96
4/30/2019,1.9
5/31/2019,1.95
6/30/2019,1.94
7/31/2019,1.88
8/31/2019,1.96
9/30/2019,1.92
10/31/2019,1.93
11/1/2019,1.87
11/30/2019,1.86
12/31/2019,1.83
1/31/2020,1.79
2/28/2020,1.97
2/29/2020,1.8
3/31/2020,2.25
4/1/2020,2.41
4/30/2020,2.16
5/1/2020,2.1
5/31/2020,2.04
6/1/2020,1.95
6/30/2020,1.91
7/1/2020,1.91